Κωδικός_Φορέα,Ονομασία_Φορέα,Κωδικός_Υπηρεσίας,Ονομασία_Υπηρεσίας,Κωδικός_Δαπάνης,Ονομασία_Δαπάνης,Σκέλος,Ποσό
1003,ΒΟΥΛΗ ΤΩΝ ΕΛΛΗΝΩΝ,1003-501-0000000,"Λοιπές αυτοτελείς Υπηρεσίες και μονάδες, οι οποίες υπάγονται στον Πρόεδρο της Βουλής των Ελλήνων",29,Πιστώσεις υπό κατανομή,ΣΥΓΧΡΗΜΑΤΟΔΟΤΟΥΜΕΝΟ,2000000
1004,ΠΡΟΕΔΡΙΑ ΤΗΣ ΚΥΒΕΡΝΗΣΗΣ,1004-201-0000000,Γενική Γραμματεία του Πρωθυπουργού,29,Πιστώσεις υπό κατανομή,ΕΘΝΙΚΟ,1500000
1004,ΠΡΟΕΔΡΙΑ ΤΗΣ ΚΥΒΕΡΝΗΣΗΣ,1004-202-0000000,Γενική Γραμματεία Νομικών και Κοινοβουλευτικών Θεμάτων,29,Πιστώσεις υπό κατανομή,ΕΘΝΙΚΟ,1500000
1004,ΠΡΟΕΔΡΙΑ ΤΗΣ ΚΥΒΕΡΝΗΣΗΣ,1004-201-0000000,Γενική Γραμματεία του Πρωθυπουργού,29,Πιστώσεις υπό κατανομή,ΣΥΓΧΡΗΜΑΤΟΔΟΤΟΥΜΕΝΟ,1000000
1007,ΥΠΟΥΡΓΕΙΟ ΕΣΩΤΕΡΙΚΩΝ,1007-209-0000000,Γενική Γραμματεία Αυτοδιοίκησης και Αποκέντρωσης,29,Πιστώσεις υπό κατανομή,ΕΘΝΙΚΟ,149000000
1007,ΥΠΟΥΡΓΕΙΟ ΕΣΩΤΕΡΙΚΩΝ,1007-702-0000000,Δαπάνες Ταμείου Ανάκαμψης και Ανθεκτικότητας του Υπουργείου Εσωτερικών,29,Πιστώσεις υπό κατανομή,ΕΘΝΙΚΟ,121000000
1007,ΥΠΟΥΡΓΕΙΟ ΕΣΩΤΕΡΙΚΩΝ,1007-705-0000000,Δαπάνες Ταμείου Ανάκαμψης και Ανθεκτικότητας του Υπουργείου Εσωτερικών (τομέας Ανθρώπινου Δυναμικού),29,Πιστώσεις υπό κατανομή,ΕΘΝΙΚΟ,30000000
1007,ΥΠΟΥΡΓΕΙΟ ΕΣΩΤΕΡΙΚΩΝ,1007-999-0100000,Γενική Διεύθυνση του τομέα Μακεδονίας και Θράκης του Υπουργείου Εσωτερικών,29,Πιστώσεις υπό κατανομή,ΕΘΝΙΚΟ,1000000
1007,ΥΠΟΥΡΓΕΙΟ ΕΣΩΤΕΡΙΚΩΝ,1007-207-0000000,Γενική Γραμματεία Δημόσιας Διοίκησης,29,Πιστώσεις υπό κατανομή,ΣΥΓΧΡΗΜΑΤΟΔΟΤΟΥΜΕΝΟ,6000000
1007,ΥΠΟΥΡΓΕΙΟ ΕΣΩΤΕΡΙΚΩΝ,1007-209-0000000,Γενική Γραμματεία Αυτοδιοίκησης και Αποκέντρωσης,29,Πιστώσεις υπό κατανομή,ΣΥΓΧΡΗΜΑΤΟΔΟΤΟΥΜΕΝΟ,73000000
1007,ΥΠΟΥΡΓΕΙΟ ΕΣΩΤΕΡΙΚΩΝ,1007-999-0100000,Γενική Διεύθυνση του τομέα Μακεδονίας και Θράκης του Υπουργείου Εσωτερικών,29,Πιστώσεις υπό κατανομή,ΣΥΓΧΡΗΜΑΤΟΔΟΤΟΥΜΕΝΟ,1000000
1009,ΥΠΟΥΡΓΕΙΟ ΕΞΩΤΕΡΙΚΩΝ,1009-201-0000000,Υπηρεσιακή Γενική Γραμματεία του Υπουργείου Εξωτερικών,29,Πιστώσεις υπό κατανομή,ΕΘΝΙΚΟ,400000
1009,ΥΠΟΥΡΓΕΙΟ ΕΞΩΤΕΡΙΚΩΝ,1009-206-0000000,Γενική Γραμματεία Διεθνών Οικονομικών Σχέσεων και Εξωστρέφειας,29,Πιστώσεις υπό κατανομή,ΕΘΝΙΚΟ,15045000
1009,ΥΠΟΥΡΓΕΙΟ ΕΞΩΤΕΡΙΚΩΝ,1009-401-0000000,Αρχές Εξωτερικής Υπηρεσίας,29,Πιστώσεις υπό κατανομή,ΕΘΝΙΚΟ,537000
1009,ΥΠΟΥΡΓΕΙΟ ΕΞΩΤΕΡΙΚΩΝ,1009-501-0000000,"Λοιπές μονάδες/αυτοτελείς μονάδες του Υπουργείου Εξωτερικών, οι οποίες υπάγονται στον Υπουργό/Αναπληρωτές Υπουργούς/Υφυπουργούς/Υπηρεσιακό Γραμματέα ή λειτουργούν στο Υπουργείο",29,Πιστώσεις υπό κατανομή,ΕΘΝΙΚΟ,18000
1009,ΥΠΟΥΡΓΕΙΟ ΕΞΩΤΕΡΙΚΩΝ,1009-702-0000000,Δαπάνες Ταμείου Ανάκαμψης και Ανθεκτικότητας του Υπουργείου Εξωτερικών,29,Πιστώσεις υπό κατανομή,ΕΘΝΙΚΟ,2000000
1009,ΥΠΟΥΡΓΕΙΟ ΕΞΩΤΕΡΙΚΩΝ,1009-201-0000000,Υπηρεσιακή Γενική Γραμματεία του Υπουργείου Εξωτερικών,29,Πιστώσεις υπό κατανομή,ΣΥΓΧΡΗΜΑΤΟΔΟΤΟΥΜΕΝΟ,672000
1009,ΥΠΟΥΡΓΕΙΟ ΕΞΩΤΕΡΙΚΩΝ,1009-206-0000000,Γενική Γραμματεία Διεθνών Οικονομικών Σχέσεων και Εξωστρέφειας,29,Πιστώσεις υπό κατανομή,ΣΥΓΧΡΗΜΑΤΟΔΟΤΟΥΜΕΝΟ,512000
1009,ΥΠΟΥΡΓΕΙΟ ΕΞΩΤΕΡΙΚΩΝ,1009-501-0000000,"Λοιπές μονάδες/αυτοτελείς μονάδες του Υπουργείου Εξωτερικών, οι οποίες υπάγονται στον Υπουργό/Αναπληρωτές Υπουργούς/Υφυπουργούς/Υπηρεσιακό Γραμματέα ή λειτουργούν στο Υπουργείο",29,Πιστώσεις υπό κατανομή,ΣΥΓΧΡΗΜΑΤΟΔΟΤΟΥΜΕΝΟ,16000
1009,ΥΠΟΥΡΓΕΙΟ ΕΞΩΤΕΡΙΚΩΝ,1009-701-0000000,Δαπάνες μεταναστευτικών ροών του Υπουργείου Εξωτερικών,29,Πιστώσεις υπό κατανομή,ΣΥΓΧΡΗΜΑΤΟΔΟΤΟΥΜΕΝΟ,10800000
1011,ΥΠΟΥΡΓΕΙΟ ΕΘΝΙΚΗΣ ΑΜΥΝΑΣ,1011-202-0000000,Γενικό Επιτελείο Στρατού,29,Πιστώσεις υπό κατανομή,ΕΘΝΙΚΟ,26000000
1011,ΥΠΟΥΡΓΕΙΟ ΕΘΝΙΚΗΣ ΑΜΥΝΑΣ,1011-203-0000000,Γενικό Επιτελείο Ναυτικού,29,Πιστώσεις υπό κατανομή,ΕΘΝΙΚΟ,7400000
1011,ΥΠΟΥΡΓΕΙΟ ΕΘΝΙΚΗΣ ΑΜΥΝΑΣ,1011-204-0000000,Γενικό Επιτελείο Αεροπορίας,29,Πιστώσεις υπό κατανομή,ΕΘΝΙΚΟ,11500000
1011,ΥΠΟΥΡΓΕΙΟ ΕΘΝΙΚΗΣ ΑΜΥΝΑΣ,1011-501-0000000,"Λοιπές μονάδες/αυτοτελείς μονάδες του Υπουργείου Εθνικής Άμυνας οι οποίες υπάγονται στον Υπουργό/Αναπληρωτές Υπουργούς/Υφυπουργούς/Υπηρεσιακό Γραμματέα ή λειτουργούν στο Υπουργείο",29,Πιστώσεις υπό κατανομή,ΕΘΝΙΚΟ,100000
1011,ΥΠΟΥΡΓΕΙΟ ΕΘΝΙΚΗΣ ΑΜΥΝΑΣ,1011-202-0000000,Γενικό Επιτελείο Στρατού,29,Πιστώσεις υπό κατανομή,ΣΥΓΧΡΗΜΑΤΟΔΟΤΟΥΜΕΝΟ,7500000
1011,ΥΠΟΥΡΓΕΙΟ ΕΘΝΙΚΗΣ ΑΜΥΝΑΣ,1011-203-0000000,Γενικό Επιτελείο Ναυτικού,29,Πιστώσεις υπό κατανομή,ΣΥΓΧΡΗΜΑΤΟΔΟΤΟΥΜΕΝΟ,8500000
1011,ΥΠΟΥΡΓΕΙΟ ΕΘΝΙΚΗΣ ΑΜΥΝΑΣ,1011-204-0000000,Γενικό Επιτελείο Αεροπορίας,29,Πιστώσεις υπό κατανομή,ΣΥΓΧΡΗΜΑΤΟΔΟΤΟΥΜΕΝΟ,7000000
1011,ΥΠΟΥΡΓΕΙΟ ΕΘΝΙΚΗΣ ΑΜΥΝΑΣ,1011-501-0000000,"Λοιπές μονάδες/αυτοτελείς μονάδες του Υπουργείου Εθνικής Άμυνας οι οποίες υπάγονται στον Υπουργό/Αναπληρωτές Υπουργούς/Υφυπουργούς/Υπηρεσιακό Γραμματέα ή λειτουργούν στο Υπουργείο",29,Πιστώσεις υπό κατανομή,ΣΥΓΧΡΗΜΑΤΟΔΟΤΟΥΜΕΝΟ,1000000
1015,ΥΠΟΥΡΓΕΙΟ ΥΓΕΙΑΣ,1015-501-0000000,"Λοιπές μονάδες/αυτοτελείς μονάδες του Υπουργείου Υγείας, οι οποίες υπάγονται στον Υπουργό/Αναπληρωτές Υπουργούς/Υφυπουργούς/Υπηρεσιακό Γραμματέα ή λειτουργούν στο Υπουργείο",29,Πιστώσεις υπό κατανομή,ΕΘΝΙΚΟ,16000000
1015,ΥΠΟΥΡΓΕΙΟ ΥΓΕΙΑΣ,1015-702-0000000,Δαπάνες Ταμείου Ανάκαμψης και Ανθεκτικότητας του Υπουργείου Υγείας,29,Πιστώσεις υπό κατανομή,ΕΘΝΙΚΟ,503000000
1015,ΥΠΟΥΡΓΕΙΟ ΥΓΕΙΑΣ,1015-501-0000000,"Λοιπές μονάδες/αυτοτελείς μονάδες του Υπουργείου Υγείας, οι οποίες υπάγονται στον Υπουργό/Αναπληρωτές Υπουργούς/Υφυπουργούς/Υπηρεσιακό Γραμματέα ή λειτουργούν στο Υπουργείο",29,Πιστώσεις υπό κατανομή,ΣΥΓΧΡΗΜΑΤΟΔΟΤΟΥΜΕΝΟ,46000000
1015,ΥΠΟΥΡΓΕΙΟ ΥΓΕΙΑΣ,1015-701-0000000,Δαπάνες μεταναστευτικών ροών του Υπουργείου Υγείας,29,Πιστώσεις υπό κατανομή,ΣΥΓΧΡΗΜΑΤΟΔΟΤΟΥΜΕΝΟ,4000000
1017,ΥΠΟΥΡΓΕΙΟ ΔΙΚΑΙΟΣΥΝΗΣ,1017-501-0000000,"Λοιπές μονάδες/αυτοτελείς μονάδες του Υπουργείου Δικαιοσύνης, οι οποίες υπάγονται στον Υπουργό/ Αναπληρωτές Υπουργούς/Υφυπουργούς/Υπηρεσιακό Γραμματέα ή λειτουργούν στο Υπουργείο Δικαιοσύνης",29,Πιστώσεις υπό κατανομή,ΕΘΝΙΚΟ,14000000
1017,ΥΠΟΥΡΓΕΙΟ ΔΙΚΑΙΟΣΥΝΗΣ,1017-702-0000000,Δαπάνες Ταμείου Ανάκαμψης και Ανθεκτικότητας του Υπουργείου Δικαιοσύνης,29,Πιστώσεις υπό κατανομή,ΕΘΝΙΚΟ,53000000
1017,ΥΠΟΥΡΓΕΙΟ ΔΙΚΑΙΟΣΥΝΗΣ,1017-501-0000000,"Λοιπές μονάδες/αυτοτελείς μονάδες του Υπουργείου Δικαιοσύνης, οι οποίες υπάγονται στον Υπουργό/ Αναπληρωτές Υπουργούς/Υφυπουργούς/Υπηρεσιακό Γραμματέα ή λειτουργούν στο Υπουργείο Δικαιοσύνης",29,Πιστώσεις υπό κατανομή,ΣΥΓΧΡΗΜΑΤΟΔΟΤΟΥΜΕΝΟ,6000000
1020,"ΥΠΟΥΡΓΕΙΟ ΠΑΙΔΕΙΑΣ, ΘΡΗΣΚΕΥΜΑΤΩΝ ΚΑΙ ΑΘΛΗΤΙΣΜΟΥ",1020-202-0000000,Γενική Γραμματεία Θρησκευμάτων,29,Πιστώσεις υπό κατανομή,ΕΘΝΙΚΟ,500000
1020,"ΥΠΟΥΡΓΕΙΟ ΠΑΙΔΕΙΑΣ, ΘΡΗΣΚΕΥΜΑΤΩΝ ΚΑΙ ΑΘΛΗΤΙΣΜΟΥ",1020-206-0000000,"Γενική Γραμματεία Πρωτοβάθμιας, Δευτεροβάθμιας Εκπαίδευσης και Ειδικής Αγωγής",29,Πιστώσεις υπό κατανομή,ΕΘΝΙΚΟ,10000000
1020,"ΥΠΟΥΡΓΕΙΟ ΠΑΙΔΕΙΑΣ, ΘΡΗΣΚΕΥΜΑΤΩΝ ΚΑΙ ΑΘΛΗΤΙΣΜΟΥ",1020-207-0000000,"Γενική Γραμματεία Επαγγελματικής Εκπαίδευσης, Κατάρτισης και Διά Βίου Μάθησης",29,Πιστώσεις υπό κατανομή,ΕΘΝΙΚΟ,1000000
1020,"ΥΠΟΥΡΓΕΙΟ ΠΑΙΔΕΙΑΣ, ΘΡΗΣΚΕΥΜΑΤΩΝ ΚΑΙ ΑΘΛΗΤΙΣΜΟΥ",1020-208-0000000,Γενική Γραμματεία Ανώτατης Εκπαίδευσης,29,Πιστώσεις υπό κατανομή,ΕΘΝΙΚΟ,116700000
1020,"ΥΠΟΥΡΓΕΙΟ ΠΑΙΔΕΙΑΣ, ΘΡΗΣΚΕΥΜΑΤΩΝ ΚΑΙ ΑΘΛΗΤΙΣΜΟΥ",1020-209-0000000,Γενική Γραμματεία Αθλητισμού,29,Πιστώσεις υπό κατανομή,ΕΘΝΙΚΟ,11000000
1020,"ΥΠΟΥΡΓΕΙΟ ΠΑΙΔΕΙΑΣ, ΘΡΗΣΚΕΥΜΑΤΩΝ ΚΑΙ ΑΘΛΗΤΙΣΜΟΥ",1020-501-0000000,"Λοιπές μονάδες/αυτοτελείς μονάδες του Υπουργείου Παιδείας, Θρησκευμάτων και Αθλητισμού, οι οποίες υπάγονται στον Υπουργό/Αναπληρωτές Υπουργούς/ Υφυπουργούς/Υπηρεσιακό Γραμματέα ή λειτουργούν στο Υπουργείο",29,Πιστώσεις υπό κατανομή,ΕΘΝΙΚΟ,5800000
1020,"ΥΠΟΥΡΓΕΙΟ ΠΑΙΔΕΙΑΣ, ΘΡΗΣΚΕΥΜΑΤΩΝ ΚΑΙ ΑΘΛΗΤΙΣΜΟΥ",1020-702-0000000,"Δαπάνες Ταμείου Ανάκαμψης και Ανθεκτικότητας του Υπουργείου Παιδείας, Θρησκευμάτων και Αθλητισμού",29,Πιστώσεις υπό κατανομή,ΕΘΝΙΚΟ,202000000
1020,"ΥΠΟΥΡΓΕΙΟ ΠΑΙΔΕΙΑΣ, ΘΡΗΣΚΕΥΜΑΤΩΝ ΚΑΙ ΑΘΛΗΤΙΣΜΟΥ",1020-202-0000000,Γενική Γραμματεία Θρησκευμάτων,29,Πιστώσεις υπό κατανομή,ΣΥΓΧΡΗΜΑΤΟΔΟΤΟΥΜΕΝΟ,1800000
1020,"ΥΠΟΥΡΓΕΙΟ ΠΑΙΔΕΙΑΣ, ΘΡΗΣΚΕΥΜΑΤΩΝ ΚΑΙ ΑΘΛΗΤΙΣΜΟΥ",1020-206-0000000,"Γενική Γραμματεία Πρωτοβάθμιας, Δευτεροβάθμιας Εκπαίδευσης και Ειδικής Αγωγής",29,Πιστώσεις υπό κατανομή,ΣΥΓΧΡΗΜΑΤΟΔΟΤΟΥΜΕΝΟ,508000000
1020,"ΥΠΟΥΡΓΕΙΟ ΠΑΙΔΕΙΑΣ, ΘΡΗΣΚΕΥΜΑΤΩΝ ΚΑΙ ΑΘΛΗΤΙΣΜΟΥ",1020-207-0000000,"Γενική Γραμματεία Επαγγελματικής Εκπαίδευσης, Κατάρτισης και Διά Βίου Μάθησης",29,Πιστώσεις υπό κατανομή,ΣΥΓΧΡΗΜΑΤΟΔΟΤΟΥΜΕΝΟ,73000000
1020,"ΥΠΟΥΡΓΕΙΟ ΠΑΙΔΕΙΑΣ, ΘΡΗΣΚΕΥΜΑΤΩΝ ΚΑΙ ΑΘΛΗΤΙΣΜΟΥ",1020-208-0000000,Γενική Γραμματεία Ανώτατης Εκπαίδευσης,29,Πιστώσεις υπό κατανομή,ΣΥΓΧΡΗΜΑΤΟΔΟΤΟΥΜΕΝΟ,77000000
1020,"ΥΠΟΥΡΓΕΙΟ ΠΑΙΔΕΙΑΣ, ΘΡΗΣΚΕΥΜΑΤΩΝ ΚΑΙ ΑΘΛΗΤΙΣΜΟΥ",1020-501-0000000,"Λοιπές μονάδες/αυτοτελείς μονάδες του Υπουργείου Παιδείας, Θρησκευμάτων και Αθλητισμού, οι οποίες υπάγονται στον Υπουργό/Αναπληρωτές Υπουργούς/ Υφυπουργούς/Υπηρεσιακό Γραμματέα ή λειτουργούν στο Υπουργείο",29,Πιστώσεις υπό κατανομή,ΣΥΓΧΡΗΜΑΤΟΔΟΤΟΥΜΕΝΟ,3000000
1020,"ΥΠΟΥΡΓΕΙΟ ΠΑΙΔΕΙΑΣ, ΘΡΗΣΚΕΥΜΑΤΩΝ ΚΑΙ ΑΘΛΗΤΙΣΜΟΥ",1020-802-0000000,"Δαπάνες της Ανεξάρτητης Αρχής Εθνική Αρχή Ανώτατης Εκπαίδευσης που καλύπτονται από τον προϋπολογισμό του Υπουργείου Παιδείας, Θρησκευμάτων και Αθλητισμού",29,Πιστώσεις υπό κατανομή,ΣΥΓΧΡΗΜΑΤΟΔΟΤΟΥΜΕΝΟ,2200000
1022,ΥΠΟΥΡΓΕΙΟ ΠΟΛΙΤΙΣΜΟΥ,1022-204-0000000,Γενική Γραμματεία Πολιτισμού,29,Πιστώσεις υπό κατανομή,ΕΘΝΙΚΟ,14000000
1022,ΥΠΟΥΡΓΕΙΟ ΠΟΛΙΤΙΣΜΟΥ,1022-205-0000000,Γενική Γραμματεία Σύγχρονου Πολιτισμού,29,Πιστώσεις υπό κατανομή,ΕΘΝΙΚΟ,88000000
1022,ΥΠΟΥΡΓΕΙΟ ΠΟΛΙΤΙΣΜΟΥ,1022-702-0000000,Δαπάνες Ταμείου Ανάκαμψης και Ανθεκτικότητας του Υπουργείου Πολιτισμού,29,Πιστώσεις υπό κατανομή,ΕΘΝΙΚΟ,171000000
1022,ΥΠΟΥΡΓΕΙΟ ΠΟΛΙΤΙΣΜΟΥ,1022-204-0000000,Γενική Γραμματεία Πολιτισμού,29,Πιστώσεις υπό κατανομή,ΣΥΓΧΡΗΜΑΤΟΔΟΤΟΥΜΕΝΟ,43882000
1022,ΥΠΟΥΡΓΕΙΟ ΠΟΛΙΤΙΣΜΟΥ,1022-205-0000000,Γενική Γραμματεία Σύγχρονου Πολιτισμού,29,Πιστώσεις υπό κατανομή,ΣΥΓΧΡΗΜΑΤΟΔΟΤΟΥΜΕΝΟ,1118000
1024,ΥΠΟΥΡΓΕΙΟ ΕΘΝΙΚΗΣ ΟΙΚΟΝΟΜΙΑΣ ΚΑΙ ΟΙΚΟΝΟΜΙΚΩΝ,1024-213-0000000,Γενική Γραμματεία Προγράμματος Δημοσίων Επενδύσεων και Εθνικού Προγράμματος Ανάπτυξης (ΠΔΕ και ΕΠΑ),29,Πιστώσεις υπό κατανομή,ΕΘΝΙΚΟ,502000000
1024,ΥΠΟΥΡΓΕΙΟ ΕΘΝΙΚΗΣ ΟΙΚΟΝΟΜΙΑΣ ΚΑΙ ΟΙΚΟΝΟΜΙΚΩΝ,1024-501-0000000,"Λοιπές μονάδες/αυτοτελείς μονάδες του Υπουργείου Εθνικής Οικονομίας και Οικονομικών, οι οποίες υπάγονται στον Υπουργό/Αναπληρωτές Υπουργούς/Υφυπουργούς/Υπηρεσιακό Γραμματέα ή λειτουργούν στο Υπουργείο",29,Πιστώσεις υπό κατανομή,ΕΘΝΙΚΟ,331000000
1024,ΥΠΟΥΡΓΕΙΟ ΕΘΝΙΚΗΣ ΟΙΚΟΝΟΜΙΑΣ ΚΑΙ ΟΙΚΟΝΟΜΙΚΩΝ,1024-702-0000000,Δαπάνες Ταμείου Ανάκαμψης και Ανθεκτικότητας του Υπουργείου Εθνικής Οικονομίας και Οικονομικών,29,Πιστώσεις υπό κατανομή,ΕΘΝΙΚΟ,112000000
1024,ΥΠΟΥΡΓΕΙΟ ΕΘΝΙΚΗΣ ΟΙΚΟΝΟΜΙΑΣ ΚΑΙ ΟΙΚΟΝΟΜΙΚΩΝ,1024-703-0000000,Δαπάνες Ταμείου Ανάκαμψης και Ανθεκτικότητας της Ανεξάρτητης Διοικητικής Αρχής «Ανεξάρτητη Αρχή Δημοσίων Εσόδων»,29,Πιστώσεις υπό κατανομή,ΕΘΝΙΚΟ,92000000
1024,ΥΠΟΥΡΓΕΙΟ ΕΘΝΙΚΗΣ ΟΙΚΟΝΟΜΙΑΣ ΚΑΙ ΟΙΚΟΝΟΜΙΚΩΝ,1024-204-0000000,"Γενική Γραμματεία Δημοσιονομικής Πολιτικής (εκτός των Δημοσιονομικών Υπηρεσιών Εποπτείας και Ελέγχου στις Νομαρχίες και στους Νομούς)",29,Πιστώσεις υπό κατανομή,ΣΥΓΧΡΗΜΑΤΟΔΟΤΟΥΜΕΝΟ,1280000
1024,ΥΠΟΥΡΓΕΙΟ ΕΘΝΙΚΗΣ ΟΙΚΟΝΟΜΙΑΣ ΚΑΙ ΟΙΚΟΝΟΜΙΚΩΝ,1024-213-0000000,Γενική Γραμματεία Προγράμματος Δημοσίων Επενδύσεων και Εθνικού Προγράμματος Ανάπτυξης (ΠΔΕ και ΕΠΑ),29,Πιστώσεις υπό κατανομή,ΣΥΓΧΡΗΜΑΤΟΔΟΤΟΥΜΕΝΟ,1250200000
1024,ΥΠΟΥΡΓΕΙΟ ΕΘΝΙΚΗΣ ΟΙΚΟΝΟΜΙΑΣ ΚΑΙ ΟΙΚΟΝΟΜΙΚΩΝ,1024-214-0000000,Γενική Γραμματεία Εταιρικού Συμφώνου Περιφερειακής Ανάπτυξης (ΕΣΠΑ),29,Πιστώσεις υπό κατανομή,ΣΥΓΧΡΗΜΑΤΟΔΟΤΟΥΜΕΝΟ,9911000
1024,ΥΠΟΥΡΓΕΙΟ ΕΘΝΙΚΗΣ ΟΙΚΟΝΟΜΙΑΣ ΚΑΙ ΟΙΚΟΝΟΜΙΚΩΝ,1024-215-0000000,"Γενική Γραμματεία Διαχείρισης Τομεακών Προγραμμάτων Ευρωπαϊκού Ταμείου Περιφερειακής Ανάπτυξης, Ταμείου Συνοχής και Ευρωπαϊκού Κοινωνικού Ταμείου",29,Πιστώσεις υπό κατανομή,ΣΥΓΧΡΗΜΑΤΟΔΟΤΟΥΜΕΝΟ,292000000
1024,ΥΠΟΥΡΓΕΙΟ ΕΘΝΙΚΗΣ ΟΙΚΟΝΟΜΙΑΣ ΚΑΙ ΟΙΚΟΝΟΜΙΚΩΝ,1024-403-0000000,Ειδική Υπηρεσία Δίκαιης Αναπτυξιακής Μετάβασης,29,Πιστώσεις υπό κατανομή,ΣΥΓΧΡΗΜΑΤΟΔΟΤΟΥΜΕΝΟ,12000000
1024,ΥΠΟΥΡΓΕΙΟ ΕΘΝΙΚΗΣ ΟΙΚΟΝΟΜΙΑΣ ΚΑΙ ΟΙΚΟΝΟΜΙΚΩΝ,1024-501-0000000,"Λοιπές μονάδες/αυτοτελείς μονάδες του Υπουργείου Εθνικής Οικονομίας και Οικονομικών, οι οποίες υπάγονται στον Υπουργό/Αναπληρωτές Υπουργούς/Υφυπουργούς/Υπηρεσιακό Γραμματέα ή λειτουργούν στο Υπουργείο",29,Πιστώσεις υπό κατανομή,ΣΥΓΧΡΗΜΑΤΟΔΟΤΟΥΜΕΝΟ,504609000
1024,ΥΠΟΥΡΓΕΙΟ ΕΘΝΙΚΗΣ ΟΙΚΟΝΟΜΙΑΣ ΚΑΙ ΟΙΚΟΝΟΜΙΚΩΝ,1024-801-0000000,"Δαπάνες της Ανεξάρτητης Διοικητικής Αρχής «Ανεξάρτητη Αρχή Δημοσίων Εσόδων» (εκτός των Δημόσιων Οικονομικών Υπηρεσιών και των Τελωνείων), που καλύπτονται από τον προϋπολογισμό του Υπουργείου Εθνικής Οικονομίας και Οικονομικών",29,Πιστώσεις υπό κατανομή,ΣΥΓΧΡΗΜΑΤΟΔΟΤΟΥΜΕΝΟ,30000000
1029,ΥΠΟΥΡΓΕΙΟ ΑΓΡΟΤΙΚΗΣ ΑΝΑΠΤΥΞΗΣ ΚΑΙ ΤΡΟΦΙΜΩΝ,1029-501-0000000,"Λοιπές μονάδες/αυτοτελείς μονάδες του Υπουργείου Αγροτικής Ανάπτυξης και Τροφίμων, οι οποίες υπάγονται στον Υπουργό/Αναπληρωτές Υπουργούς/Υφυπουργούς/Υπηρεσιακό Γραμματέα ή λειτουργούν στο Υπουργείο",29,Πιστώσεις υπό κατανομή,ΕΘΝΙΚΟ,4000000
1029,ΥΠΟΥΡΓΕΙΟ ΑΓΡΟΤΙΚΗΣ ΑΝΑΠΤΥΞΗΣ ΚΑΙ ΤΡΟΦΙΜΩΝ,1029-702-0000000,Δαπάνες Ταμείου Ανάκαμψης και Ανθεκτικότητας του Υπουργείου Αγροτικής Ανάπτυξης και Τροφίμων,29,Πιστώσεις υπό κατανομή,ΕΘΝΙΚΟ,205000000
1029,ΥΠΟΥΡΓΕΙΟ ΑΓΡΟΤΙΚΗΣ ΑΝΑΠΤΥΞΗΣ ΚΑΙ ΤΡΟΦΙΜΩΝ,1029-501-0000000,"Λοιπές μονάδες/αυτοτελείς μονάδες του Υπουργείου Αγροτικής Ανάπτυξης και Τροφίμων, οι οποίες υπάγονται στον Υπουργό/Αναπληρωτές Υπουργούς/Υφυπουργούς/Υπηρεσιακό Γραμματέα ή λειτουργούν στο Υπουργείο",29,Πιστώσεις υπό κατανομή,ΣΥΓΧΡΗΜΑΤΟΔΟΤΟΥΜΕΝΟ,850000000
1031,ΥΠΟΥΡΓΕΙΟ ΠΕΡΙΒΑΛΛΟΝΤΟΣ ΚΑΙ ΕΝΕΡΓΕΙΑΣ,1031-203-0000000,Γενική Γραμματεία Χωρικού Σχεδιασμού και Αστικού Περιβάλλοντος,29,Πιστώσεις υπό κατανομή,ΕΘΝΙΚΟ,23849000
1031,ΥΠΟΥΡΓΕΙΟ ΠΕΡΙΒΑΛΛΟΝΤΟΣ ΚΑΙ ΕΝΕΡΓΕΙΑΣ,1031-204-0000000,Γενική Γραμματεία Ενέργειας και Ορυκτών Πρώτων Υλών,29,Πιστώσεις υπό κατανομή,ΕΘΝΙΚΟ,29628000
1031,ΥΠΟΥΡΓΕΙΟ ΠΕΡΙΒΑΛΛΟΝΤΟΣ ΚΑΙ ΕΝΕΡΓΕΙΑΣ,1031-207-0000000,Γενική Γραμματεία Φυσικού Περιβάλλοντος και Υδάτων,29,Πιστώσεις υπό κατανομή,ΕΘΝΙΚΟ,3739000
1031,ΥΠΟΥΡΓΕΙΟ ΠΕΡΙΒΑΛΛΟΝΤΟΣ ΚΑΙ ΕΝΕΡΓΕΙΑΣ,1031-208-0000000,Γενική Γραμματεία Συντονισμού Διαχείρισης Αποβλήτων,29,Πιστώσεις υπό κατανομή,ΕΘΝΙΚΟ,3000000
1031,ΥΠΟΥΡΓΕΙΟ ΠΕΡΙΒΑΛΛΟΝΤΟΣ ΚΑΙ ΕΝΕΡΓΕΙΑΣ,1031-209-0000000,Γενική Γραμματεία Δασών,29,Πιστώσεις υπό κατανομή,ΕΘΝΙΚΟ,9760000
1031,ΥΠΟΥΡΓΕΙΟ ΠΕΡΙΒΑΛΛΟΝΤΟΣ ΚΑΙ ΕΝΕΡΓΕΙΑΣ,1031-501-0000000,"Λοιπές μονάδες/αυτοτελείς μονάδες του Υπουργείου Περιβάλλοντος και Ενέργειας, οι οποίες υπάγονται στον Υπουργό/Αναπληρωτές Υπουργούς/ Υφυπουργούς/Υπηρεσιακό Γραμματέα ή λειτουργούν στο Υπουργείο",29,Πιστώσεις υπό κατανομή,ΕΘΝΙΚΟ,24000
1031,ΥΠΟΥΡΓΕΙΟ ΠΕΡΙΒΑΛΛΟΝΤΟΣ ΚΑΙ ΕΝΕΡΓΕΙΑΣ,1031-702-0000000,Δαπάνες Ταμείου Ανάκαμψης και Ανθεκτικότητας του Υπουργείου Περιβάλλοντος και Ενέργειας,29,Πιστώσεις υπό κατανομή,ΕΘΝΙΚΟ,1362000000
1031,ΥΠΟΥΡΓΕΙΟ ΠΕΡΙΒΑΛΛΟΝΤΟΣ ΚΑΙ ΕΝΕΡΓΕΙΑΣ,1031-203-0000000,Γενική Γραμματεία Χωρικού Σχεδιασμού και Αστικού Περιβάλλοντος,29,Πιστώσεις υπό κατανομή,ΣΥΓΧΡΗΜΑΤΟΔΟΤΟΥΜΕΝΟ,67100000
1031,ΥΠΟΥΡΓΕΙΟ ΠΕΡΙΒΑΛΛΟΝΤΟΣ ΚΑΙ ΕΝΕΡΓΕΙΑΣ,1031-204-0000000,Γενική Γραμματεία Ενέργειας και Ορυκτών Πρώτων Υλών,29,Πιστώσεις υπό κατανομή,ΣΥΓΧΡΗΜΑΤΟΔΟΤΟΥΜΕΝΟ,205933000
1031,ΥΠΟΥΡΓΕΙΟ ΠΕΡΙΒΑΛΛΟΝΤΟΣ ΚΑΙ ΕΝΕΡΓΕΙΑΣ,1031-207-0000000,Γενική Γραμματεία Φυσικού Περιβάλλοντος και Υδάτων,29,Πιστώσεις υπό κατανομή,ΣΥΓΧΡΗΜΑΤΟΔΟΤΟΥΜΕΝΟ,260967000
1031,ΥΠΟΥΡΓΕΙΟ ΠΕΡΙΒΑΛΛΟΝΤΟΣ ΚΑΙ ΕΝΕΡΓΕΙΑΣ,1031-208-0000000,Γενική Γραμματεία Συντονισμού Διαχείρισης Αποβλήτων,29,Πιστώσεις υπό κατανομή,ΣΥΓΧΡΗΜΑΤΟΔΟΤΟΥΜΕΝΟ,47750000
1031,ΥΠΟΥΡΓΕΙΟ ΠΕΡΙΒΑΛΛΟΝΤΟΣ ΚΑΙ ΕΝΕΡΓΕΙΑΣ,1031-209-0000000,Γενική Γραμματεία Δασών,29,Πιστώσεις υπό κατανομή,ΣΥΓΧΡΗΜΑΤΟΔΟΤΟΥΜΕΝΟ,250000
1031,ΥΠΟΥΡΓΕΙΟ ΠΕΡΙΒΑΛΛΟΝΤΟΣ ΚΑΙ ΕΝΕΡΓΕΙΑΣ,1031-501-0000000,"Λοιπές μονάδες/αυτοτελείς μονάδες του Υπουργείου Περιβάλλοντος και Ενέργειας, οι οποίες υπάγονται στον Υπουργό/Αναπληρωτές Υπουργούς/ Υφυπουργούς/Υπηρεσιακό Γραμματέα ή λειτουργούν στο Υπουργείο",29,Πιστώσεις υπό κατανομή,ΣΥΓΧΡΗΜΑΤΟΔΟΤΟΥΜΕΝΟ,8000000
1032,ΥΠΟΥΡΓΕΙΟ ΕΡΓΑΣΙΑΣ ΚΑΙ ΚΟΙΝΩΝΙΚΗΣ ΑΣΦΑΛΙΣΗΣ,1032-501-0000000,"Λοιπές μονάδες/αυτοτελείς μονάδες του Υπουργείου Εργασίας και Κοινωνικής Ασφάλισης, οι οποίες υπάγονται στον Υπουργό/Αναπληρωτές Υπουργούς/ Υφυπουργούς/Υπηρεσιακό Γραμματέα ή λειτουργούν στο Υπουργείο",29,Πιστώσεις υπό κατανομή,ΕΘΝΙΚΟ,20000000
1032,ΥΠΟΥΡΓΕΙΟ ΕΡΓΑΣΙΑΣ ΚΑΙ ΚΟΙΝΩΝΙΚΗΣ ΑΣΦΑΛΙΣΗΣ,1032-702-0000000,Δαπάνες Ταμείου Ανάκαμψης και Ανθεκτικότητας του Υπουργείου Εργασίας και Κοινωνικής Ασφάλισης,29,Πιστώσεις υπό κατανομή,ΕΘΝΙΚΟ,273000000
1032,ΥΠΟΥΡΓΕΙΟ ΕΡΓΑΣΙΑΣ ΚΑΙ ΚΟΙΝΩΝΙΚΗΣ ΑΣΦΑΛΙΣΗΣ,1032-209-0000000,Γενική Γραμματεία Εργασιακών Σχέσεων,29,Πιστώσεις υπό κατανομή,ΣΥΓΧΡΗΜΑΤΟΔΟΤΟΥΜΕΝΟ,7000
1032,ΥΠΟΥΡΓΕΙΟ ΕΡΓΑΣΙΑΣ ΚΑΙ ΚΟΙΝΩΝΙΚΗΣ ΑΣΦΑΛΙΣΗΣ,1032-501-0000000,"Λοιπές μονάδες/αυτοτελείς μονάδες του Υπουργείου Εργασίας και Κοινωνικής Ασφάλισης, οι οποίες υπάγονται στον Υπουργό/Αναπληρωτές Υπουργούς/ Υφυπουργούς/Υπηρεσιακό Γραμματέα ή λειτουργούν στο Υπουργείο",29,Πιστώσεις υπό κατανομή,ΣΥΓΧΡΗΜΑΤΟΔΟΤΟΥΜΕΝΟ,169993000
1034,ΥΠΟΥΡΓΕΙΟ ΚΟΙΝΩΝΙΚΗΣ ΣΥΝΟΧΗΣ ΚΑΙ ΟΙΚΟΓΕΝΕΙΑΣ,1034-201-0000000,Γενική Γραμματεία Κοινωνικής Αλληλεγγύης και Καταπολέμησης της Φτώχειας,29,Πιστώσεις υπό κατανομή,ΕΘΝΙΚΟ,1500000
1034,ΥΠΟΥΡΓΕΙΟ ΚΟΙΝΩΝΙΚΗΣ ΣΥΝΟΧΗΣ ΚΑΙ ΟΙΚΟΓΕΝΕΙΑΣ,1034-202-0000000,Γενική Γραμματεία Δημογραφικής και Στεγαστικής Πολιτικής,29,Πιστώσεις υπό κατανομή,ΕΘΝΙΚΟ,500000
1034,ΥΠΟΥΡΓΕΙΟ ΚΟΙΝΩΝΙΚΗΣ ΣΥΝΟΧΗΣ ΚΑΙ ΟΙΚΟΓΕΝΕΙΑΣ,1034-702-0000000,Δαπάνες Ταμείου Ανάκαμψης και Ανθεκτικότητας του Υπουργείου Κοινωνικής Συνοχής και Οικογένειας,29,Πιστώσεις υπό κατανομή,ΕΘΝΙΚΟ,100000000
1034,ΥΠΟΥΡΓΕΙΟ ΚΟΙΝΩΝΙΚΗΣ ΣΥΝΟΧΗΣ ΚΑΙ ΟΙΚΟΓΕΝΕΙΑΣ,1034-201-0000000,Γενική Γραμματεία Κοινωνικής Αλληλεγγύης και Καταπολέμησης της Φτώχειας,29,Πιστώσεις υπό κατανομή,ΣΥΓΧΡΗΜΑΤΟΔΟΤΟΥΜΕΝΟ,66400000
1034,ΥΠΟΥΡΓΕΙΟ ΚΟΙΝΩΝΙΚΗΣ ΣΥΝΟΧΗΣ ΚΑΙ ΟΙΚΟΓΕΝΕΙΑΣ,1034-202-0000000,Γενική Γραμματεία Δημογραφικής και Στεγαστικής Πολιτικής,29,Πιστώσεις υπό κατανομή,ΣΥΓΧΡΗΜΑΤΟΔΟΤΟΥΜΕΝΟ,2400000
1034,ΥΠΟΥΡΓΕΙΟ ΚΟΙΝΩΝΙΚΗΣ ΣΥΝΟΧΗΣ ΚΑΙ ΟΙΚΟΓΕΝΕΙΑΣ,1034-203-0000000,Γενική Γραμματεία Ισότητας και Ανθρωπίνων Δικαιωμάτων,29,Πιστώσεις υπό κατανομή,ΣΥΓΧΡΗΜΑΤΟΔΟΤΟΥΜΕΝΟ,21500000
1034,ΥΠΟΥΡΓΕΙΟ ΚΟΙΝΩΝΙΚΗΣ ΣΥΝΟΧΗΣ ΚΑΙ ΟΙΚΟΓΕΝΕΙΑΣ,1034-501-0000000,"Λοιπές μονάδες/αυτοτελείς μονάδες του Υπουργείου Κοινωνικής Συνοχής και Οικογένειας οι οποίες υπάγονται στον Υπουργό/Αναπληρωτές Υπουργούς/Υφυπουργούς/Υπηρεσιακό Γραμματέα ή λειτουργούν στο Υπουργείο",29,Πιστώσεις υπό κατανομή,ΣΥΓΧΡΗΜΑΤΟΔΟΤΟΥΜΕΝΟ,10700000
1036,ΥΠΟΥΡΓΕΙΟ ΑΝΑΠΤΥΞΗΣ,1036-204-0000000,Γενική Γραμματεία Βιομηχανίας,29,Πιστώσεις υπό κατανομή,ΕΘΝΙΚΟ,88000
1036,ΥΠΟΥΡΓΕΙΟ ΑΝΑΠΤΥΞΗΣ,1036-205-0000000,Γενική Γραμματεία Εμπορίου,29,Πιστώσεις υπό κατανομή,ΕΘΝΙΚΟ,1400000
1036,ΥΠΟΥΡΓΕΙΟ ΑΝΑΠΤΥΞΗΣ,1036-210-0000000,Γενική Γραμματεία Ιδιωτικών Επενδύσεων,29,Πιστώσεις υπό κατανομή,ΕΘΝΙΚΟ,101000000
1036,ΥΠΟΥΡΓΕΙΟ ΑΝΑΠΤΥΞΗΣ,1036-212-0000000,Γενική Γραμματεία Έρευνας και Καινοτομίας,29,Πιστώσεις υπό κατανομή,ΕΘΝΙΚΟ,7412000
1036,ΥΠΟΥΡΓΕΙΟ ΑΝΑΠΤΥΞΗΣ,1036-501-0000000,"Λοιπές μονάδες/αυτοτελείς μονάδες του Υπουργείου Ανάπτυξης, οι οποίες υπάγονται στον Υπουργό/Αναπληρωτές Υπουργούς/Υφυπουργούς/Υπηρεσιακό Γραμματέα ή λειτουργούν στο Υπουργείο",29,Πιστώσεις υπό κατανομή,ΕΘΝΙΚΟ,10100000
1036,ΥΠΟΥΡΓΕΙΟ ΑΝΑΠΤΥΞΗΣ,1036-702-0000000,Δαπάνες Ταμείου Ανάκαμψης και Ανθεκτικότητας του Υπουργείου Ανάπτυξης,29,Πιστώσεις υπό κατανομή,ΕΘΝΙΚΟ,161000000
1036,ΥΠΟΥΡΓΕΙΟ ΑΝΑΠΤΥΞΗΣ,1036-204-0000000,Γενική Γραμματεία Βιομηχανίας,29,Πιστώσεις υπό κατανομή,ΣΥΓΧΡΗΜΑΤΟΔΟΤΟΥΜΕΝΟ,13500000
1036,ΥΠΟΥΡΓΕΙΟ ΑΝΑΠΤΥΞΗΣ,1036-205-0000000,Γενική Γραμματεία Εμπορίου,29,Πιστώσεις υπό κατανομή,ΣΥΓΧΡΗΜΑΤΟΔΟΤΟΥΜΕΝΟ,34500000
1036,ΥΠΟΥΡΓΕΙΟ ΑΝΑΠΤΥΞΗΣ,1036-210-0000000,Γενική Γραμματεία Ιδιωτικών Επενδύσεων,29,Πιστώσεις υπό κατανομή,ΣΥΓΧΡΗΜΑΤΟΔΟΤΟΥΜΕΝΟ,120000000
1036,ΥΠΟΥΡΓΕΙΟ ΑΝΑΠΤΥΞΗΣ,1036-212-0000000,Γενική Γραμματεία Έρευνας και Καινοτομίας,29,Πιστώσεις υπό κατανομή,ΣΥΓΧΡΗΜΑΤΟΔΟΤΟΥΜΕΝΟ,183000000
1036,ΥΠΟΥΡΓΕΙΟ ΑΝΑΠΤΥΞΗΣ,1036-501-0000000,"Λοιπές μονάδες/αυτοτελείς μονάδες του Υπουργείου Ανάπτυξης, οι οποίες υπάγονται στον Υπουργό/Αναπληρωτές Υπουργούς/Υφυπουργούς/Υπηρεσιακό Γραμματέα ή λειτουργούν στο Υπουργείο",29,Πιστώσεις υπό κατανομή,ΣΥΓΧΡΗΜΑΤΟΔΟΤΟΥΜΕΝΟ,63000000
1039,ΥΠΟΥΡΓΕΙΟ ΥΠΟΔΟΜΩΝ ΚΑΙ ΜΕΤΑΦΟΡΩΝ,1039-202-0000000,Γενική Γραμματεία Υποδομών,29,Πιστώσεις υπό κατανομή,ΕΘΝΙΚΟ,493635000
1039,ΥΠΟΥΡΓΕΙΟ ΥΠΟΔΟΜΩΝ ΚΑΙ ΜΕΤΑΦΟΡΩΝ,1039-203-0000000,Γενική Γραμματεία Μεταφορών,29,Πιστώσεις υπό κατανομή,ΕΘΝΙΚΟ,180320000
1039,ΥΠΟΥΡΓΕΙΟ ΥΠΟΔΟΜΩΝ ΚΑΙ ΜΕΤΑΦΟΡΩΝ,1039-501-0000000,"Λοιπές μονάδες/αυτοτελείς μονάδες του Υπουργείου Υποδομών και Μεταφορών, οι οποίες υπάγονται στον Υπουργό/Αναπληρωτές Υπουργούς/ Υφυπουργούς/Υπηρεσιακό Γραμματέα ή λειτουργούν στο Υπουργείο",29,Πιστώσεις υπό κατανομή,ΕΘΝΙΚΟ,6045000
1039,ΥΠΟΥΡΓΕΙΟ ΥΠΟΔΟΜΩΝ ΚΑΙ ΜΕΤΑΦΟΡΩΝ,1039-702-0000000,Δαπάνες Ταμείου Ανάκαμψης και Ανθεκτικότητας του Υπουργείου Υποδομών και Μεταφορών,29,Πιστώσεις υπό κατανομή,ΕΘΝΙΚΟ,393000000
1039,ΥΠΟΥΡΓΕΙΟ ΥΠΟΔΟΜΩΝ ΚΑΙ ΜΕΤΑΦΟΡΩΝ,1039-202-0000000,Γενική Γραμματεία Υποδομών,29,Πιστώσεις υπό κατανομή,ΣΥΓΧΡΗΜΑΤΟΔΟΤΟΥΜΕΝΟ,547245000
1039,ΥΠΟΥΡΓΕΙΟ ΥΠΟΔΟΜΩΝ ΚΑΙ ΜΕΤΑΦΟΡΩΝ,1039-203-0000000,Γενική Γραμματεία Μεταφορών,29,Πιστώσεις υπό κατανομή,ΣΥΓΧΡΗΜΑΤΟΔΟΤΟΥΜΕΝΟ,192740000
1039,ΥΠΟΥΡΓΕΙΟ ΥΠΟΔΟΜΩΝ ΚΑΙ ΜΕΤΑΦΟΡΩΝ,1039-501-0000000,"Λοιπές μονάδες/αυτοτελείς μονάδες του Υπουργείου Υποδομών και Μεταφορών, οι οποίες υπάγονται στον Υπουργό/Αναπληρωτές Υπουργούς/ Υφυπουργούς/Υπηρεσιακό Γραμματέα ή λειτουργούν στο Υπουργείο",29,Πιστώσεις υπό κατανομή,ΣΥΓΧΡΗΜΑΤΟΔΟΤΟΥΜΕΝΟ,15000
1041,ΥΠΟΥΡΓΕΙΟ ΝΑΥΤΙΛΙΑΣ ΚΑΙ ΝΗΣΙΩΤΙΚΗΣ ΠΟΛΙΤΙΚΗΣ,1041-202-0000000,Γενική Γραμματεία Ναυτιλίας και Λιμένων,29,Πιστώσεις υπό κατανομή,ΕΘΝΙΚΟ,10000000
1041,ΥΠΟΥΡΓΕΙΟ ΝΑΥΤΙΛΙΑΣ ΚΑΙ ΝΗΣΙΩΤΙΚΗΣ ΠΟΛΙΤΙΚΗΣ,1041-202-9900000,Αρχηγείο Λιμενικού Σώματος - Ελληνικής Ακτοφυλακής,29,Πιστώσεις υπό κατανομή,ΕΘΝΙΚΟ,161000000
1041,ΥΠΟΥΡΓΕΙΟ ΝΑΥΤΙΛΙΑΣ ΚΑΙ ΝΗΣΙΩΤΙΚΗΣ ΠΟΛΙΤΙΚΗΣ,1041-203-0000000,Γενική Γραμματεία Αιγαίου και Νησιωτικής Πολιτικής,29,Πιστώσεις υπό κατανομή,ΕΘΝΙΚΟ,50000000
1041,ΥΠΟΥΡΓΕΙΟ ΝΑΥΤΙΛΙΑΣ ΚΑΙ ΝΗΣΙΩΤΙΚΗΣ ΠΟΛΙΤΙΚΗΣ,1041-702-0000000,Δαπάνες Ταμείου Ανάκαμψης και Ανθεκτικότητας του Υπουργείου Ναυτιλίας και Νησιωτικής Πολιτικής,29,Πιστώσεις υπό κατανομή,ΕΘΝΙΚΟ,30000000
1041,ΥΠΟΥΡΓΕΙΟ ΝΑΥΤΙΛΙΑΣ ΚΑΙ ΝΗΣΙΩΤΙΚΗΣ ΠΟΛΙΤΙΚΗΣ,1041-202-0000000,Γενική Γραμματεία Ναυτιλίας και Λιμένων,29,Πιστώσεις υπό κατανομή,ΣΥΓΧΡΗΜΑΤΟΔΟΤΟΥΜΕΝΟ,200000
1041,ΥΠΟΥΡΓΕΙΟ ΝΑΥΤΙΛΙΑΣ ΚΑΙ ΝΗΣΙΩΤΙΚΗΣ ΠΟΛΙΤΙΚΗΣ,1041-202-9900000,Αρχηγείο Λιμενικού Σώματος - Ελληνικής Ακτοφυλακής,29,Πιστώσεις υπό κατανομή,ΣΥΓΧΡΗΜΑΤΟΔΟΤΟΥΜΕΝΟ,32300000
1041,ΥΠΟΥΡΓΕΙΟ ΝΑΥΤΙΛΙΑΣ ΚΑΙ ΝΗΣΙΩΤΙΚΗΣ ΠΟΛΙΤΙΚΗΣ,1041-501-0000000,"Λοιπές μονάδες/αυτοτελείς μονάδες του Υπουργείου Ναυτιλίας και Νησιωτικής Πολιτικής, οι οποίες υπάγονται στον Υπουργό/Αναπληρωτές Υπουργούς/Υφυπουργούς/Υπηρεσιακό Γραμματέα ή λειτουργούν στο Υπουργείο",29,Πιστώσεις υπό κατανομή,ΣΥΓΧΡΗΜΑΤΟΔΟΤΟΥΜΕΝΟ,1500000
1041,ΥΠΟΥΡΓΕΙΟ ΝΑΥΤΙΛΙΑΣ ΚΑΙ ΝΗΣΙΩΤΙΚΗΣ ΠΟΛΙΤΙΚΗΣ,1041-701-0000000,Δαπάνες μεταναστευτικών ροών του Υπουργείου Ναυτιλίας και Νησιωτικής Πολιτικής,29,Πιστώσεις υπό κατανομή,ΣΥΓΧΡΗΜΑΤΟΔΟΤΟΥΜΕΝΟ,30000000
1045,ΥΠΟΥΡΓΕΙΟ ΤΟΥΡΙΣΜΟΥ,1045-501-0000000,"Λοιπές μονάδες/αυτοτελείς μονάδες του Υπουργείου Τουρισμού, οι οποίες υπάγονται στον Υπουργό/Αναπληρωτές Υπουργούς/Υφυπουργούς/Υπηρεσιακό Γραμματέα ή λειτουργούν στο Υπουργείο",29,Πιστώσεις υπό κατανομή,ΕΘΝΙΚΟ,40000000
1045,ΥΠΟΥΡΓΕΙΟ ΤΟΥΡΙΣΜΟΥ,1045-702-0000000,Δαπάνες Ταμείου Ανάκαμψης και Ανθεκτικότητας του Υπουργείου Τουρισμού,29,Πιστώσεις υπό κατανομή,ΕΘΝΙΚΟ,109000000
1045,ΥΠΟΥΡΓΕΙΟ ΤΟΥΡΙΣΜΟΥ,1045-501-0000000,"Λοιπές μονάδες/αυτοτελείς μονάδες του Υπουργείου Τουρισμού, οι οποίες υπάγονται στον Υπουργό/Αναπληρωτές Υπουργούς/Υφυπουργούς/Υπηρεσιακό Γραμματέα ή λειτουργούν στο Υπουργείο",29,Πιστώσεις υπό κατανομή,ΣΥΓΧΡΗΜΑΤΟΔΟΤΟΥΜΕΝΟ,1000000
1053,ΥΠΟΥΡΓΕΙΟ ΨΗΦΙΑΚΗΣ ΔΙΑΚΥΒΕΡΝΗΣΗΣ,1053-501-0000000,"Λοιπές μονάδες/αυτοτελείς μονάδες του Υπουργείου Ψηφιακής Διακυβέρνησης, οι οποίες υπάγονται στον Υπουργό/Αναπληρωτές Υπουργούς/Υφυπουργούς/Υπηρεσιακό Γραμματέα ή λειτουργούν στο Υπουργείο",29,Πιστώσεις υπό κατανομή,ΕΘΝΙΚΟ,80000000
1053,ΥΠΟΥΡΓΕΙΟ ΨΗΦΙΑΚΗΣ ΔΙΑΚΥΒΕΡΝΗΣΗΣ,1053-702-0000000,Δαπάνες Ταμείου Ανάκαμψης και Ανθεκτικότητας του Υπουργείου Ψηφιακής Διακυβέρνησης,29,Πιστώσεις υπό κατανομή,ΕΘΝΙΚΟ,752000000
1053,ΥΠΟΥΡΓΕΙΟ ΨΗΦΙΑΚΗΣ ΔΙΑΚΥΒΕΡΝΗΣΗΣ,1053-501-0000000,"Λοιπές μονάδες/αυτοτελείς μονάδες του Υπουργείου Ψηφιακής Διακυβέρνησης, οι οποίες υπάγονται στον Υπουργό/Αναπληρωτές Υπουργούς/Υφυπουργούς/Υπηρεσιακό Γραμματέα ή λειτουργούν στο Υπουργείο",29,Πιστώσεις υπό κατανομή,ΣΥΓΧΡΗΜΑΤΟΔΟΤΟΥΜΕΝΟ,90000000
1055,ΥΠΟΥΡΓΕΙΟ ΜΕΤΑΝΑΣΤΕΥΣΗΣ ΚΑΙ ΑΣΥΛΟΥ,1055-202-0000000,Γενική Γραμματεία Μεταναστευτικής Πολιτικής,29,Πιστώσεις υπό κατανομή,ΕΘΝΙΚΟ,1000000
1055,ΥΠΟΥΡΓΕΙΟ ΜΕΤΑΝΑΣΤΕΥΣΗΣ ΚΑΙ ΑΣΥΛΟΥ,1055-702-0000000,Δαπάνες Ταμείου Ανάκαμψης και Ανθεκτικότητας του Υπουργείου Μετανάστευσης και Ασύλου,29,Πιστώσεις υπό κατανομή,ΕΘΝΙΚΟ,28000000
1055,ΥΠΟΥΡΓΕΙΟ ΜΕΤΑΝΑΣΤΕΥΣΗΣ ΚΑΙ ΑΣΥΛΟΥ,1055-202-0000000,Γενική Γραμματεία Μεταναστευτικής Πολιτικής,29,Πιστώσεις υπό κατανομή,ΣΥΓΧΡΗΜΑΤΟΔΟΤΟΥΜΕΝΟ,44225000
1055,ΥΠΟΥΡΓΕΙΟ ΜΕΤΑΝΑΣΤΕΥΣΗΣ ΚΑΙ ΑΣΥΛΟΥ,1055-206-0000000,Γενική Γραμματεία Υποδοχής Αιτούντων Άσυλο,29,Πιστώσεις υπό κατανομή,ΣΥΓΧΡΗΜΑΤΟΔΟΤΟΥΜΕΝΟ,222650000
1055,ΥΠΟΥΡΓΕΙΟ ΜΕΤΑΝΑΣΤΕΥΣΗΣ ΚΑΙ ΑΣΥΛΟΥ,1055-207-0000000,Γενική Γραμματεία Ευάλωτων Πολιτών και Θεσμικής Προστασίας,29,Πιστώσεις υπό κατανομή,ΣΥΓΧΡΗΜΑΤΟΔΟΤΟΥΜΕΝΟ,37775000
1055,ΥΠΟΥΡΓΕΙΟ ΜΕΤΑΝΑΣΤΕΥΣΗΣ ΚΑΙ ΑΣΥΛΟΥ,1055-501-0000000,"Λοιπές μονάδες/αυτοτελείς μονάδες του Υπουργείου Μετανάστευσης και Ασύλου, οι οποίες υπάγονται στον Υπουργό/Αναπληρωτές Υπουργούς/Υφυπουργούς/Υπηρεσιακό Γραμματέα ή λειτουργούν στο Υπουργείο",29,Πιστώσεις υπό κατανομή,ΣΥΓΧΡΗΜΑΤΟΔΟΤΟΥΜΕΝΟ,350000
1057,ΥΠΟΥΡΓΕΙΟ ΠΡΟΣΤΑΣΙΑΣ ΤΟΥ ΠΟΛΙΤΗ,1057-202-0000000,Γενική Γραμματεία Αντεγκληματικής Πολιτικής,29,Πιστώσεις υπό κατανομή,ΕΘΝΙΚΟ,500000
1057,ΥΠΟΥΡΓΕΙΟ ΠΡΟΣΤΑΣΙΑΣ ΤΟΥ ΠΟΛΙΤΗ,1057-501-0000000,"Λοιπές μονάδες/αυτοτελείς μονάδες του Υπουργείου Προστασίας του Πολίτη, οι οποίες υπάγονται στον Υπουργό/Αναπληρωτές Υπουργούς/ Υφυπουργούς/Υπηρεσιακό Γραμματέα ή λειτουργούν στο Υπουργείο",29,Πιστώσεις υπό κατανομή,ΕΘΝΙΚΟ,7500000
1057,ΥΠΟΥΡΓΕΙΟ ΠΡΟΣΤΑΣΙΑΣ ΤΟΥ ΠΟΛΙΤΗ,1057-202-0000000,Γενική Γραμματεία Αντεγκληματικής Πολιτικής,29,Πιστώσεις υπό κατανομή,ΣΥΓΧΡΗΜΑΤΟΔΟΤΟΥΜΕΝΟ,2000000
1057,ΥΠΟΥΡΓΕΙΟ ΠΡΟΣΤΑΣΙΑΣ ΤΟΥ ΠΟΛΙΤΗ,1057-501-0000000,"Λοιπές μονάδες/αυτοτελείς μονάδες του Υπουργείου Προστασίας του Πολίτη, οι οποίες υπάγονται στον Υπουργό/Αναπληρωτές Υπουργούς/ Υφυπουργούς/Υπηρεσιακό Γραμματέα ή λειτουργούν στο Υπουργείο",29,Πιστώσεις υπό κατανομή,ΣΥΓΧΡΗΜΑΤΟΔΟΤΟΥΜΕΝΟ,6000000
1057,ΥΠΟΥΡΓΕΙΟ ΠΡΟΣΤΑΣΙΑΣ ΤΟΥ ΠΟΛΙΤΗ,1057-701-0000000,Δαπάνες μεταναστευτικών ροών του Υπουργείου Προστασίας του Πολίτη,29,Πιστώσεις υπό κατανομή,ΣΥΓΧΡΗΜΑΤΟΔΟΤΟΥΜΕΝΟ,52000000
1060,ΥΠΟΥΡΓΕΙΟ ΚΛΙΜΑΤΙΚΗΣ ΚΡΙΣΗΣ ΚΑΙ ΠΟΛΙΤΙΚΗΣ ΠΡΟΣΤΑΣΙΑΣ,1060-202-0000000,Γενική Γραμματεία Αποκατάστασης Φυσικών Καταστροφών και Κρατικής Αρωγής,29,Πιστώσεις υπό κατανομή,ΕΘΝΙΚΟ,170000000
1060,ΥΠΟΥΡΓΕΙΟ ΚΛΙΜΑΤΙΚΗΣ ΚΡΙΣΗΣ ΚΑΙ ΠΟΛΙΤΙΚΗΣ ΠΡΟΣΤΑΣΙΑΣ,1060-501-0000000,"Λοιπές μονάδες/αυτοτελείς μονάδες του Υπουργείου Κλιματικής Κρίσης και Πολιτικής Προστασίας, οι οποίες υπάγονται στον Υπουργό/Αναπληρωτές Υπουργούς/Υφυπουργούς/Υπηρεσιακό Γραμματέα ή λειτουργούν στο Υπουργείο",29,Πιστώσεις υπό κατανομή,ΕΘΝΙΚΟ,10000000
1060,ΥΠΟΥΡΓΕΙΟ ΚΛΙΜΑΤΙΚΗΣ ΚΡΙΣΗΣ ΚΑΙ ΠΟΛΙΤΙΚΗΣ ΠΡΟΣΤΑΣΙΑΣ,1060-702-0000000,Δαπάνες Ταμείου Ανάκαμψης και Ανθεκτικότητας του Υπουργείου Κλιματικής Κρίσης και Πολιτικής Προστασίας,29,Πιστώσεις υπό κατανομή,ΕΘΝΙΚΟ,201000000
1060,ΥΠΟΥΡΓΕΙΟ ΚΛΙΜΑΤΙΚΗΣ ΚΡΙΣΗΣ ΚΑΙ ΠΟΛΙΤΙΚΗΣ ΠΡΟΣΤΑΣΙΑΣ,1060-501-0000000,"Λοιπές μονάδες/αυτοτελείς μονάδες του Υπουργείου Κλιματικής Κρίσης και Πολιτικής Προστασίας, οι οποίες υπάγονται στον Υπουργό/Αναπληρωτές Υπουργούς/Υφυπουργούς/Υπηρεσιακό Γραμματέα ή λειτουργούν στο Υπουργείο",29,Πιστώσεις υπό κατανομή,ΣΥΓΧΡΗΜΑΤΟΔΟΤΟΥΜΕΝΟ,80000000
